Category,Model,MRR,N = 1,N = 3,N = 10,N = 100
Distance-based,TransE,0.08131533116102219,0.029472827193161,0.0804803582332587,0.17824140036637492,0.536637492367189
Distance-based,TransR,0.02849368378520012,0.01479747608385915,0.0231732139222471,0.043802157541217177,0.21920415224913495
Semantic matching,ComplEx,0.1061774417757988,0.044758803175249336,0.11002442499491145,0.2256971300630979,0.5826684306940769
Semantic matching,DistMult,0.06849941611289978,0.026755546509261145,0.06453287197231834,0.14302869936902096,0.47566659881945855
Semantic matching,RESCAL,0.0007039871998131275,4.0708324852432325e-05,0.0001526562181966212,0.0004681457358029717,0.005017301038062283
Neural network,ConvKB,0.07055837661027908,0.019947079177691836,0.06714838184408711,0.16455322613474455,0.5440260533279055
Neural network,ConvE,0.0009580273763276636,2.0354162426216163e-05,5.08854060655404e-05,0.0009566456340321596,0.006055363321799308
Neural network,RGCN,,,,,
