{
  "kg_training": {
    "model": "ComplEx",
    "embedding_dim": 128,
    "num_epochs": 300,
    "duration_seconds": 3719.92,
    "initial_loss": 5.227020230652917,
    "final_loss": 0.02491239499136011,
    "test_mrr": 0.15352675318717957,
    "test_hits_at_10": 0.2898229187868919,
    "test_hits_at_100": 0.5975982088337065
  },
  "fusion_training": {
    "num_epochs_run": 80,
    "best_val_loss": 0.12187738716602325,
    "final_train_loss": 0.16376441717147827,
    "train_diseases": 31,
    "val_diseases": 8,
    "feature_dim": 89,
    "embedding_dim": 128,
    "use_multi_source": true
  }
}